<?xml version="1.0" encoding="utf-8"?>
<extension type="component" version="3.0.0" method="upgrade">
   <name>jshopping</name>
   <creationDate>02.09.2022</creationDate>
   <author>MAXXmarketing GmbH</author>
   <authorEmail>marketing@maxx-marketing.net</authorEmail>
   <authorUrl>http://www.webdesigner-profi.de</authorUrl>
   <copyright></copyright>
   <license>Open Source License, GNU/GPL</license>
   <version>4.18.9</version>
   <description>Joomshopping - shop component. Note: JoomShopping code files are named as jshopping</description>

   <scriptfile>install/install.php</scriptfile>

   <files folder="site">
		<folder>controllers</folder>
		<folder>images</folder>
		<folder>js</folder>
        <folder>css</folder>
		<folder>lang</folder>
		<folder>lib</folder>
		<folder>log</folder>
		<folder>models</folder>
        <folder>payments</folder>
		<folder>shippings</folder>
        <folder>shippingform</folder>
		<folder>tables</folder>		
        <folder>views</folder>
		<folder>templates</folder>
        <folder>files</folder>
        <folder>addons</folder>
		<folder>helpers</folder>
		<filename>jshopping.php</filename>
		<filename>loadparams.php</filename>
        <filename>router.php</filename>
        <filename>metadata.xml</filename>
    </files>

   <install>
      <sql>
         <file charset="utf8" driver="mysql">install/install.sql</file>
         <file driver="mysql">install/install.sql</file>
      </sql>
   </install>

   <uninstall>
      <sql>
         <file charset="utf8" driver="mysql">install/uninstall.sql</file>
         <file driver="mysql">install/uninstall.sql</file>
      </sql>
   </uninstall>
   <update>
		<schemas>
			<schemapath type="mysql">sql/updates/mysql</schemapath>
		</schemas>
   </update>

   <administration>

		<menu>JoomShopping</menu>
	    <submenu>
	      <menu link="option=com_jshopping&amp;controller=categories&amp;catid=0" >categories</menu>
	      <menu link="option=com_jshopping&amp;controller=products&amp;category_id=0" >products</menu>
	      <menu link="option=com_jshopping&amp;controller=orders" >orders</menu>
	      <menu link="option=com_jshopping&amp;controller=users">clients</menu>
	      <menu link="option=com_jshopping&amp;controller=other">options</menu>
	      <menu link="option=com_jshopping&amp;controller=config">configuration</menu>
          <menu link="option=com_jshopping&amp;controller=update">install-and-update</menu>
	      <menu link="option=com_jshopping&amp;controller=info">about-as</menu>
	    </submenu>

      <files folder="admin">
      	<folder>controllers</folder>
      	<folder>css</folder>
      	<folder>images</folder>
      	<folder>js</folder>
      	<folder>lang</folder>
      	<folder>models</folder>
      	<folder>views</folder>
        <folder>importexport</folder>
      	<folder>install</folder>
      	<folder>sql</folder>
        <filename>jshopping.php</filename>
        <filename>functions.php</filename>
        <filename>config.xml</filename>
      </files>

      <languages folder="admin">
        <language tag="de-DE">language/de-DE.com_jshopping.sys.ini</language>
        <language tag="en-GB">language/en-GB.com_jshopping.sys.ini</language>
        <language tag="ru-RU">language/ru-RU.com_jshopping.sys.ini</language>
    </languages>

   </administration>
   
   <updateservers>
        <server type="extension" priority="1" name="JoomShopping">https://www.webdesigner-profi.de/joomla-webdesign/update/shop.xml</server>
    </updateservers>
	
</extension>