<?xml version="1.0" encoding="utf-8"?>
<extension version="3.5" type="plugin" method="upgrade" overwrite="true" group="jshopping">
    <!-- https://docs.joomla.org/Manifest_files -->
    <name>&quot;Bilet Movie-Theater&quot; Tickets for JoomShopping</name>
    <license>GNU/GPLv3 http://www.gnu.org/licenses/gpl-3.0.html</license>
    <author>Korenevskiy Sergei Borisovich</author>
    <creationDate>2018-06-01</creationDate>
	<modificationDate>2020-07-15</modificationDate>
    <copyright>Copyright (C) Explorer-Office</copyright>
    <authorEmail>info@explorer-office.ru</authorEmail>
    <authorUrl>//explorer-office.ru/download</authorUrl>
    <version>1.22</version>
    <description>&lt;span  class="badge badge-info" &gt;[[%1:]]:[[%2:]] / [[%3:]]:[[%4:]]&lt;/span&gt;&lt;br>[[%5:]]&lt;br>[[%6:]],
        JVersion,1.22.08,JDate,2020-07-15,JSHOP_PLACE_BILET_INFO_D,JSHOP_PLACE_BILET_PRO</description>
    
    <install>
        <sql> 
            <file driver="mysql"                >sql/mysqli_install.sql</file>
            <file driver="mysql"  charset="utf8">sql/mysqli_install.sql</file>
            <file driver="mysqli"               >sql/mysqli_install.sql</file>
            <file driver="mysqli" charset="utf8">sql/mysqli_install.sql</file> 
        </sql>
    </install> 
    <update> 
        <schemas> 
            <!--<schemapath type="mysql">sql</schemapath>   --> 
            <!--<schemapath type="mysqli">sql</schemapath>   --> 
        </schemas> 
    </update> 
    <uninstall>
        <sql>
            <file driver="mysqli" charset="utf8">sql/mysqli_uninstall.sql</file>
            <file driver="mysqli"               >sql/mysqli_uninstall.sql</file>
            <file driver="mysql" charset="utf8" >sql/mysqli_uninstall.sql</file>
            <file driver="mysql"                >sql/mysqli_uninstall.sql</file>
        </sql>
    </uninstall> 
    <scriptfile>script.php</scriptfile>
    <!--<installfile>install.php</installfile> --> 
     <!--<uninstallfile>uninstall.php</uninstallfile>--> 
    
    <updateservers>
		<server type="extension" priority="1" name="&lt;b&gt;&quot;Bilet Movie-Theater&quot; tickets PRO&lt;/b&gt;">https://korenevskiy.github.io/plg_jshopping_PlaceBilet/plg_jshopping_PlaceBilet_update.xml</server>
        <server type="extension" priority="1" name="&lt;b&gt;&quot;Bilet Movie-Theater&quot; tickets PRO&lt;/b&gt;">http://explorer-office.ru/files/plg_jshopping_PlaceBilet_update.xml</server>
    </updateservers>     
    
    <administration>
        <menu link="option=com_plugins&amp;view=plugins&amp;filter.search=%D0%91%D0%B8%D0%BB%D0%B5%D1%82" img="components/com_lendr/assets/images/lendr_icon.png">JSHOP_PLACE_BILET_ITEMMENU_PLUGINMARKET_LABEL</menu>
        <menu link="option=com_modules&amp;filter.module=mod_jshopping_categories" img="components/com_lendr/assets/images/lendr_icon.png">JSHOP_PLACE_BILET_ITEMMENU_MODULEMARKET_LABEL</menu>
    </administration>
    
    <media folder='folderout' destination='foldersrc'>
    </media>
    <files>
        <filename plugin="PlaceBilet">PlaceBilet.php</filename>
        <filename>PlaceBilet.xml</filename>
        <filename>index.html</filename>
        <folder>controllers</folder>
        <folder>controllersA</folder>
        <folder>fields</folder>
        <folder>Libraries</folder>
        <folder>media</folder>
        <folder>models</folder>
        <folder>templates</folder>
        <folder>templatesA</folder>
        <folder>views</folder>
        <folder>language</folder>
        <!--  -->
        <folder>sql</folder>
    </files> 
    
    <params>
        <param name="Root" type="text" default="" label="Root directory" />
    </params>    
    <languages folder="language">
            <language tag="ru-RU">ru-RU/ru-RU.plg_jshopping_PlaceBilet.ini</language>
            <language tag="en-GB">en-GB/en-GB.plg_jshopping_PlaceBilet.ini</language>
            <language tag="fr-FR">fr-FR/fr-FR.plg_jshopping_PlaceBilet.ini</language>
            <language tag="de-DE">de-DE/de-DE.plg_jshopping_PlaceBilet.ini</language>
            <language tag="es-ES">es-ES/es-ES.plg_jshopping_PlaceBilet.ini</language>
            <language tag="pt-PT">pt-PT/pt-PT.plg_jshopping_PlaceBilet.ini</language>
            <language tag="it-IT">it-IT/it-IT.plg_jshopping_PlaceBilet.ini</language>
            <language tag="zh-CN">zh-CN/zh-CN.plg_jshopping_PlaceBilet.ini</language>
            <language tag="ja-JP">ja-JP/ja-JP.plg_jshopping_PlaceBilet.ini</language>
            <language tag="ko-KR">ko-KR/ko-KR.plg_jshopping_PlaceBilet.ini</language>
            <language tag="uk-UA">uk-UA/uk-UA.plg_jshopping_PlaceBilet.ini</language>
            <language tag="be-BY">be-BY/be-BY.plg_jshopping_PlaceBilet.ini</language>
            <language tag="pl-PL">pl-PL/pl-PL.plg_jshopping_PlaceBilet.ini</language>
            <language tag="tr-TR">tr-TR/tr-TR.plg_jshopping_PlaceBilet.ini</language>
        <!--     <language tag="ru-RU">ru-RU.plg_jshopping_PlaceBilet.ini</language>  -->
            
    </languages>   
        
    <config>
        <fields name="params">
            <fieldset name="basic"  label="Zriteli">
                <field name="ver" type="desc" default="4245918837"  addfieldpath="/plugins/jshopping/PlaceBilet/fields/" 
                    label="JSHOP_PLACE_BILET" 
                /> 
                <field name="panel_new" type="radio" class="btn-group " label="&lt;b&gt;New panel&lt;/b&gt;&lt;br&gt; (Switch only for Pro v.)"  default="1">
                    <option value="1">JON</option>
                    <option value="0">JOFF</option>
                </field>
                <field name="note" close="true"
                       type="textarea" hint="JSHOP_PLACE_BILET_NOTES"
                       label="JSHOP_PANEL_NOTE"  filter="html"
                       description="JSHOP_PANEL_NOTE_DESC"
                       default="" />
                    
                <!--    <field
                    name="extip"
                    type="ExtIp" 
                    
                    addfieldpath="/plugins/jshopping/PlaceBilet/fields/"
                    label="JSHOP_PANEL_SERVER_OUT"
                    description=" " />-->

                    
                    
                    
<!--                    
<field name="list_templates"
	type="repeatable"
	icon="list"
	description="PLG_TINY_FIELD_TEMPLATE_FIELD_ELEMENTS_DESC"
	label="PLG_TINY_FIELD_TEMPLATE_FIELD_ELEMENTS_LABEL"
	default='{"template":["Layout","Simple snippet"],
		"location":["layout1.html","snippet1.html"],
		"description":["HTMLLayout","Simple HTML snippet"]}'>
	<fieldset hidden="true" name="list_templates_modal" repeat="true">
		<field name="template"
			label="PLG_TINY_FIELD_TEMPLATE_FIELD_NAME_LABEL"
			size="30"
			type="text" />
		<field name="location"
			label="PLG_TINY_FIELD_TEMPLATE_FIELD_LOCATION_LABEL"
			description="PLG_TINY_FIELD_TEMPLATE_LOCATION_DESC"
			size="30"
			type="filelist"
			directory="media/editors/tinymce/templates"
			exclude="index.html"
			hide_default="true"
			hide_none="true" />
		<field name="description"
			label="PLG_TINY_FIELD_TEMPLATE_FIELD_DESCRIPTION_LABEL"
			size="30"
			type="textarea" />
	</fieldset>
</field>                    
    -->                
                    
                    
                <field name="site" type="hidden" default="//explorer-office.ru" />
                <field name="site_plugin" type="hidden" default="//explorer-office.ru/download" />  
                    
                    
                <field
                    type="spacer"
                    default=""
                    label="&lt;hr>"
                    description=""
                />
                
                
                <field 
                    name="CategoriesRedirect" 
                    type="Categories"  
                    multiple="false" 
                    default="0" 
                    label="JSHOP_PANEL_CATEGORY_DEFAULT" 
                    description="JSHOP_PANEL_CATEGORY_DEFAULT_DESC" 
                    addfieldpath="/plugins/jshopping/PlaceBilet/fields/" 
                > 
                </field>
                <field name="bilets_list_count" type="radio" class="btn-group " label="JSHOP_PANEL_LIST_COUNT_ON"  description="" default="0">
                    <option value="1">JON</option>
                    <option value="0">JOFF</option>
                </field>
                <field name="view_Name_Place" 
                       type="radio" 
                       class="btn-group btn-group-yesno" 
                       label="JSHOP_PANEL_NAME_THEATER_SHOW"  
                       description="JSHOP_PANEL_NAME_THEATER_SHOW" 
                       default="0">
                    <option value="1">JYES</option>
                    <option value="0">JNO</option>
                </field>   
                <field
                    type="spacer"
                    default=""
                    label="&lt;hr>"
                    description=""
                />
                
                
                
                <field name="bonusEnabled" type="radio" class="btn-group " label="JSHOP_PANEL_BONUS_ON"  description="" default="0">
                    <option value="1">JON</option>
                    <option value="0">JOFF</option>
                </field>
                <field name="bonus" 
                       type="textarea" hint="JSHOP_PLACE_BILET_DISCOUNTS"
                       label="JSHOP_PANEL_BONUS_PERCENT"  filter="html"
                       description="JSHOP_PANEL_BONUS_PERCENT_DESC"
                       default="0:10/7:5/8:4" 
                
                        showon="bonusEnabled:1"      /> 
                <field name="roundBonus" type="radio" class="btn-group " 
                        showon="bonusEnabled:1"   label="JSHOP_PANEL_BONUS_ROUND"  description="JSHOP_PANEL_BONUS_ROUND_DESC" default="1">
                    <option value="1">JYES</option>
                    <option value="0">JNO</option>
                </field>
                
                <field
                    type="spacer"
                    default=""
                    label="&lt;hr>"
                    description=""
                />
                <field name="jackpot" type="number" default="0" 
                    label="JSHOP_PANEL_JACKPOT"  description="" min="0" max="100" step="1" /> 
                <field  
                    name="costCarrency" 
                    type="list" 
                    multiple="false" 
                    default="0-0" 
                    label="JSHOP_PANEL_ROUND" 
                    description="JSHOP_PANEL_ROUND_DESC"  
                >
					 
                    <option  value="0">JEMPTY</option>
                    <option  value="1">1 [[%1:]],JSHOP_CARENCY</option>
                    <option  value="10">10 [[%1:]],JSHOP_CARENCY</option> 
                    <option  value="20">20 [[%1:]],JSHOP_CARENCY</option>  
                    <option  value="40">40 [[%1:]],JSHOP_CARENCY</option> 
                    <option  value="50">50 [[%1:]],JSHOP_CARENCY</option> 
                    <option value="100">100 [[%1:]],JSHOP_CARENCY</option> 
                    <option value="200">200 [[%1:]],JSHOP_CARENCY</option> 
                    <option value="400">400 [[%1:]],JSHOP_CARENCY</option> 
                    <option value="500">500 [[%1:]],JSHOP_CARENCY</option> 
                    <option value="1000">1000 [[%1:]],JSHOP_CARENCY</option> 
                </field>
                    
                     
                
                <field
                    type="spacer"
                    default=""
                    label="&lt;hr>"
                    description=""
                />
                

                <field name="bilet_old" 
                       type="list" 
                       label="JSHOP_PANEL_OLD"  
                       description="JSHOP_PANEL_OLD_DESC" 
                       multiple="false" 
                       default="">
                    <option value="cat">JSHOP_PANEL_OLD_STORE_CAT</option>
                    <option value="prod">JSHOP_PANEL_OLD_STORE_PROD</option>
                    <option value="hide">JSHOP_PANEL_OLD_STORE_HIDE</option>
                    <option value="del">JSHOP_PANEL_OLD_STORE_DEL</option>
                    <option value="">JEMPTY,JSHOP_PANEL_OLD_STORE_NONE</option>
                </field>
                <field name="bilet_old_hidetime" 
                       type="list" 
                       label="JSHOP_PANEL_TIME"    showon="bilet_old:cat[OR]bilet_old:prod[OR]bilet_old:hide[OR]bilet_old:del"
                       description="JSHOP_PANEL_TIME_DESC"
                       multiple="false" 
                       default="t3"> 
                    <option value="t0">[[%1:]] 0:00,JSHOP_PANEL_OLD_TIME</option>
                    <option value="t3">[[%1:]] 3:00,JSHOP_PANEL_OLD_TIME</option>
                    <option value="t6">[[%1:]] 6:00,JSHOP_PANEL_OLD_TIME</option>
                    <option value="t12">[[%1:]] 12:00,JSHOP_PANEL_OLD_TIME</option>
                    <option value="t15">[[%1:]] 15:00,JSHOP_PANEL_OLD_TIME</option>
                    <option value="t18">[[%1:]] 18:00,JSHOP_PANEL_OLD_TIME</option>
                    <option value="t21">[[%1:]] 21:00,JSHOP_PANEL_OLD_TIME</option>
                    <option value="l0">[[%1:]] 0:00,JSHOP_PANEL_OLD_TIME_LETTER</option>
                    <option value="l1">[[%1:]] 1:00,JSHOP_PANEL_OLD_TIME_LETTER</option>
                    <option value="l2">[[%1:]] 2:00,JSHOP_PANEL_OLD_TIME_LETTER</option>
                    <option value="l3">[[%1:]] 3:00,JSHOP_PANEL_OLD_TIME_LETTER</option>
                    <option value="l4">[[%1:]] 4:00,JSHOP_PANEL_OLD_TIME_LETTER</option>
                    <option value="l5">[[%1:]] 5:00,JSHOP_PANEL_OLD_TIME_LETTER</option>
                    <option value="l6">[[%1:]] 6:00,JSHOP_PANEL_OLD_TIME_LETTER</option>
                    <option value="l12">[[%1:]] 12:00,JSHOP_PANEL_OLD_TIME_LETTER</option>
                    <option value="l18">[[%1:]] 18:00,JSHOP_PANEL_OLD_TIME_LETTER</option>
                    <option value="l24">[[%1:]] 24:00,JSHOP_PANEL_OLD_TIME_LETTER</option>
                    <option value="l48">[[%1:]] 48:00,JSHOP_PANEL_OLD_TIME_LETTER</option>
                </field>
                 
                <field
                    type="spacer"
                    default=""
                    label="&lt;hr>"
                    description=""
                />
                <field name="accordion" 
                       type="radio" 
                       class="btn-group btn-group-yesno" 
                       label="JSHOP_PANEL_ACCORDION"  
                       description="JSHOP_PANEL_ACCORDION_DESC" 
                       default="jQuery">
                    <option value="none">JEMPTY</option> 
                    <option value="jQuery">jQuery</option>
                    <option value="bootstrap">BootStrap</option>
                    <option value="jbootstrap">JoomBootStrap</option>
                </field>  
                    
                    
                
                <field name="view_text" 
                       type="radio" 
                       class="btn-group btn-group-yesno" 
                       label="JSHOP_TEXT_PROD_VIEW"  
                       description="JSHOP_TEXT_PROD_VIEW_DESC" 
                       default="0">
                    <option value="1">JYES</option>
                    <option value="0">JNO</option>
                </field> 
                <field name="text_prod_city" 
                       type="text" hint="JSHOP_TEXT_DISPLAY"
                       label="JSHOP_TEXT_PROD_CITY"  filter="html"
                       description="JSHOP_TEXT_PROD_CITY_DESC"
                       default=""  showon="view_text:1" />
                <field name="text_prod_order" 
                       type="text" hint="JSHOP_TEXT_DISPLAY"
                       label="JSHOP_TEXT_PROD_ORDER"  filter="html"
                       description="JSHOP_TEXT_PROD_ORDER_DESC"
                       default=""  showon="view_text:1" />
                
                <field name="text_listprod_city" 
                       type="text" hint="JSHOP_TEXT_DISPLAY"
                       label="JSHOP_TEXT_LIST_CITY"  filter="html"
                       description="JSHOP_TEXT_LIST_CITY_DESC"
                       default=""  showon="view_text:1" />
                <field name="text_listprod_order" 
                       type="text" hint="JSHOP_TEXT_DISPLAY"
                       label="JSHOP_TEXT_LIST_ORDER"  filter="html"
                       description="JSHOP_TEXT_LIST_ORDER_DESC"
                       default=""  showon="view_text:1" />
                           
                <!--  -->
            </fieldset>
            
            <fieldset name="service">
                
                    
                        
                            

                            
                <field name="Zriteli_enabled" 
                       type="radio" 
                       class="btn-group btn-group-yesno" 
                       label="JSHOP_PANEL_SERVICE" 
                       default="0">
                    <option value="1">JYES</option>
                    <option value="0">JNO</option>
                </field>   
                
                <field
                    type="spacer"
                    default=""
                    label="&lt;hr>"
                    description=""
                />
                <field name="domen" type="Domen" default="" label="JSHOP_PANEL_SERVICE_URL" 
                       description="JSHOP_PANEL_SERVICE_URL_DESC" 
                       directory="fields"   />
                        
                <field
                    name="UserId"
                    type="text" 
                    default="111"
                    label="Login"
                    description="UserId for connect to out service" />
                <field
                    name="Hash"
                    type="text" 
                    default="698d51a19d8a121ce581499d7b701668"
                    label="Password"
                    description="UserHash for UserId connect to out service" />
                
                
                
                <field
                    type="spacer"
                    default=""
                    label="&lt;hr>"
                    description=""
                />  
                
                
                <field name="Zriteli_repertoire_download_enabled" 
                       type="radio" 
                       class="btn-group btn-group-yesno" 
                       label="JSHOP_PANEL_LOAD_REPERTOIRE_MAINPAGE"  
                       description="JSHOP_PANEL_LOAD_REPERTOIRE_MAINPAGE_DESC" 
                       default="1">
                    <option value="1">JYES</option>
                    <option value="0">JNO</option>
                </field>
                <field name="Zriteli_places_download_enabled" 
                       type="radio" 
                       class="btn-group btn-group-yesno" 
                       label="JSHOP_PANEL_LOAD_PLACES_SHOWING"  
                       description="JSHOP_PANEL_LOAD_PLACES_SHOWING_DESC" 
                       default="1">
                    <option value="1">JYES</option>
                    <option value="0">JNO</option>
                </field>   
                <field
                    name="StagePlaces"
                    type="StagePlaces" 
                    multiple="true"
                    default="" 
                    label="JSHOP_PANEL_LOAD_STAGES_REPERTORIES"
                    description="JSHOP_PANEL_LOAD_STAGES_REPERTORIES_DESC"
                    addfieldpath="/plugins/jshopping/PlaceBilet/fields/"
                >
                    <option value="">JALL[[1]],JSHOP_PANEL_LOAD_STAGES_REPERTORIES</option>
                </field>
                
                <field name="bilet_new" 
                       type="list" 
                       class="btn-group btn-group-yesno" 
                       label="JSHOP_PANEL_NEW_PLAY"  
                       description="JSHOP_PANEL_NEW_PLAY_DESC" 
                       default="">
                    <option value="cat">JSHOP_PANEL_NEW_PLAY_CAT</option>
                    <option value="prod">JSHOP_PANEL_NEW_PLAY_PROD</option>
                    <option value="">JNOCOPY</option>
                </field>   
                <field name="category_new" 
                       type="list"  
                       label="JSHOP_PANEL_NEW_CAT"  
                       description="JSHOP_PANEL_NEW_CAT_DESC" 
                       default="">
                    <option value="all">JALL</option>
                    <option value="show">JSHOP_PANEL_NEW_CAT_SHOW</option>
                    <option value="create">JSHOP_PANEL_NEW_CAT_CREATE</option>
                    <option value="">JEMPTY</option> 
                </field>   
                <field name="category_old" 
                       type="list"  
                       label="JSHOP_PANEL_OLD_CAT"  
                       description="JSHOP_PANEL_OLD_CAT_DESC" 
                       default="">
                    <option value="hide">JSHOP_PANEL_OLD_CAT_HIDE</option>
                    <option value="delete">JSHOP_PANEL_OLD_CAT_DELETE</option>
                    <option value="">JEMPTY</option> 
                </field>    
                
                <field name="bilet_delete" 
                       type="list"   
                       label="JSHOP_PANEL_PLACES_DELETE"  
                       description="JSHOP_PANEL_PLACES_DELETE_DESC" 
                       multiple="false" 
                       default="">
                    <option value="cat">JSHOP_PANEL_OLD_STORE_CAT</option>
                    <option value="prod">JSHOP_PANEL_OLD_STORE_PROD</option>
                    <option value="hide">JSHOP_PANEL_OLD_STORE_HIDE</option>
                    <option value="del">JSHOP_PANEL_OLD_STORE_DEL</option>
                    <option value="">JSHOP_PANEL_OLD_STORE_NONE</option>
                </field>
                <field
                    type="spacer"
                    default=""
                    label="&lt;hr>"
                    description=""
                />
                
                <field 
                    name="CategoriesProducts"
                    type="Categories" 
                    multiple="false"  
                    default="0" 
                    label="JSHOP_PANEL_CATEGORY_REPERTOIRE" 
                    description="JSHOP_PANEL_CATEGORY_REPERTOIRE_DESC" 
                    addfieldpath="/plugins/jshopping/PlaceBilet/fields/" 
                > 
                </field>
                <field  
                    name="CategoriesStages" 
                    type="Categories" 
                    multiple="false" 
                    default="0" 
                    label="JSHOP_PANEL_CATEGORY_STAGES" 
                    description="JSHOP_PANEL_CATEGORY_STAGES_DESC" 
                    addfieldpath="/plugins/jshopping/PlaceBilet/fields/" 
                > 
                </field>
                <field  
                    name="CategoriesAlls" 
                    type="Categories"  
                    multiple="false" 
                    default="0" 
                    label="JSHOP_PANEL_CATEGORY_SHOWINGS" 
                    description="JSHOP_PANEL_CATEGORY_SHOWINGS_DESC" 
                    addfieldpath="/plugins/jshopping/PlaceBilet/fields/" 
                > 
                </field>
                
                
                
                <field name="max_attr" type="number" default="0" 
                    label="JSHOP_PANEL_MAX_ATTR"  description="JSHOP_PANEL_MAX_ATTR_DESC" min="0" max="1000000" step="1" /> 
                <field name="max_attr_values" type="number" default="0" 
                    label="JSHOP_PANEL_MAX_ATTR_VALUES"  description="JSHOP_PANEL_MAX_ATTR_VALUES_DESC" min="0" max="1000000" step="1" /> 
                <field name="max_products_attr2" type="number" default="0" 
                    label="JSHOP_PANEL_MAX_ATTR2"  description="JSHOP_PANEL_MAX_ATTR2_DESC" min="0" max="1000000" step="1" /> 
                
                
                
                
                
                <field
                    type="spacer"
                    default=""
                    label="&lt;hr>"
                    description=""
                />
                <field
                    class="btn-group   "
                    name="dtUpdateProducts"
                    type="calendar" 
                    readonly="false"
                    default="2002-02-20 20:02:00"
                    label="JSHOP_PANEL_DATETIME_LAST_UPDATE_PRODUCTS"
                    description="JSHOP_PANEL_DATETIME_LAST_UPDATE_PRODUCTS_DESC"
                      
                     format="%Y-%m-%d %H:%M:%S"
                    showtime="true" timeformat="24" todaybutton="true" weeknumbers="true"
	filltable="true" minyear="-3" maxyear="5"
                /> 
                <field 
                    name="dtUpdateOffers"
                    type="calendar" 
                    class="btn-group   "
                    readonly="false"
                    default="2002-02-20 20:02:00"
                    label="JSHOP_PANEL_DATETIME_LAST_UPDATE_OFFERS"
                    description="JSHOP_PANEL_DATETIME_LAST_UPDATE_OFFERS_DESC" 
                     format="%Y-%m-%d %H:%M:%S"
                    showtime="true" timeformat="24" todaybutton="true" weeknumbers="true"
	filltable="true" minyear="-3" maxyear="5"/>  
            </fieldset>
            
            <fieldset name="options">
                            
                <!--       <field
                       type="spacer"
                       default=""
                       label="&lt;hr>"
                       description=""
                   />  
                   <field
                       type="spacer"
                       default=""
                       label="&lt;hr>"
                       description=""
                   />
                -->           
                       
                <field
                    type="spacer"
                    default=""
                    label="JSHOP_PANEL_ADDRESS"
                    description=""
                />       							
                <field name="FIO" type="radio" class="btn-group " label="JSHOP_FIELD_FIO"    default="2">
                    <option value="1">JYES</option>
                    <option value="2">JYESR</option>
                    <option value="0">JNO</option>
                </field>
                <field name="comment" type="radio" class="btn-group " label="JSHOP_FIELD_COMMENT"   default="1">
                    <option value="1">JYES</option>
                    <option value="2">JYESR</option>
                    <option value="0">JNO</option>
                </field> 
                <field name="housing" type="radio" class="btn-group  " label="JSHOP_FIELD_HOUSING"  default="1">
                    <option value="1">JYES</option>
                    <option value="2">JYESR</option>
                    <option value="0">JNO</option>
                </field>
                <field name="porch" type="radio" class="btn-group  " label="JSHOP_FIELD_PORCH"  default="1">
                    <option value="1">JYES</option>
                    <option value="2">JYESR</option>
                    <option value="0">JNO</option>
                </field>
                <field name="level" type="radio" class="btn-group  " label="JSHOP_FIELD_LEVEL"  default="1">
                    <option value="1">JYES</option>
                    <option value="2">JYESR</option>
                    <option value="0">JNO</option>
                </field>  
                <field name="intercom" type="radio" class="btn-group  " label="JSHOP_FIELD_INTERCOM"  default="1">
                    <option value="1">JYES</option>
                    <option value="2">JYESR</option>
                    <option value="0">JNO</option>
                </field>
                <field name="shiping_date" type="radio" class="btn-group  " label="JSHOP_FIELD_SHIPING_DATE"  default="1">
                    <option value="1">JYES</option>
                    <option value="2">JYESR</option>
                    <option value="0">JNO</option>
                </field> 
                <field name="shiping_time" type="radio" class="btn-group  " label="JSHOP_FIELD_SHIPING_TIME"  default="1">
                    <option value="1">JYES</option>
                    <option value="2">JYESR</option>
                    <option value="0">JNO</option>
                </field> 
                <field name="metro" type="radio" class="btn-group " label="JSHOP_FIELD_METRO"  default="1">
                    <option value="1">JYES</option>
                    <option value="2">JYESR</option>
                    <option value="0">JNO</option>
                </field>  
                <field name="transport_name" type="radio" class="btn-group  " label="JSHOP_FIELD_TRANSPORT_NAME"  default="1">
                    <option value="1">JYES</option>
                    <option value="2">JYESR</option>
                    <option value="0">JNO</option>
                </field>
                <field name="transport_no" type="radio" class="btn-group  " label="JSHOP_FIELD_TRANSPORT_NO"  default="1">
                    <option value="1">JYES</option>
                    <option value="2">JYESR</option>
                    <option value="0">JNO</option>
                </field>  
                <field name="track_stop" type="radio" class="btn-group  " label="JSHOP_FIELD_TRACK_STOP"  default="1">
                    <option value="1">JYES</option>
                    <option value="2">JYESR</option>
                    <option value="0">JNO</option>
                </field>
                
                
                <field
                    type="spacer"
                    default=""
                    label="&lt;hr>"
                    description=""
                />  
                
                <field
                    type="spacer"
                    default=""
                    label="JSHOP_PANEL_ADDRESS_EXTENDED"
                    description=""
                />  
                
                <field name="d_FIO" type="radio" class="btn-group  " label="JSHOP_FIELD_FIO"  default="2">
                    <option value="1">JYES</option>
                    <option value="2">JYESR</option>
                    <option value="0">JNO</option>
                </field>
                <field name="d_comment" type="radio" class="btn-group  " label="JSHOP_FIELD_COMMENT"  default="1">
                    <option value="1">JYES</option>
                    <option value="2">JYESR</option>
                    <option value="0">JNO</option>
                </field>  
                <field name="d_housing" type="radio" class="btn-group  " label="JSHOP_FIELD_HOUSING"  default="1">
                    <option value="1">JYES</option>
                    <option value="2">JYESR</option>
                    <option value="0">JNO</option>
                </field> 
                <field name="d_porch" type="radio" class="btn-group  " label="JSHOP_FIELD_PORCH"  default="1">
                    <option value="1">JYES</option>
                    <option value="2">JYESR</option>
                    <option value="0">JNO</option>
                </field>
                <field name="d_level" type="radio" class="btn-group  " label="JSHOP_FIELD_LEVEL"  default="1">
                    <option value="1">JYES</option>
                    <option value="2">JYESR</option>
                    <option value="0">JNO</option>
                </field> 
                <field name="d_intercom" type="radio" class="btn-group  " label="JSHOP_FIELD_INTERCOM"  default="1">
                    <option value="1">JYES</option>
                    <option value="2">JYESR</option>
                    <option value="0">JNO</option>
                </field>  
                <field name="d_shiping_date" type="radio" class="btn-group  " label="JSHOP_FIELD_SHIPING_DATE"  default="1">
                    <option value="1">JYES</option>
                    <option value="2">JYESR</option>
                    <option value="0">JNO</option>
                </field>  
                <field name="d_shiping_time" type="radio" class="btn-group  " label="JSHOP_FIELD_SHIPING_TIME"  default="1">
                    <option value="1">JYES</option>
                    <option value="2">JYESR</option>
                    <option value="0">JNO</option>
                </field>  
                <field name="d_metro" type="radio" class="btn-group  " label="JSHOP_FIELD_METRO"  efault="1">
                    <option value="1">JYES</option>
                    <option value="2">JYESR</option>
                    <option value="0">JNO</option>
                </field>  
                <field name="d_transport_name" type="radio" class="btn-group  " label="JSHOP_FIELD_TRANSPORT_NAME"  default="1">
                    <option value="1">JYES</option>
                    <option value="2">JYESR</option>
                    <option value="0">JNO</option>
                </field>
                <field name="d_transport_no" type="radio" class="btn-group  " label="JSHOP_FIELD_TRANSPORT_NO"   default="1">
                    <option value="1">JYES</option>
                    <option value="2">JYESR</option>
                    <option value="0">JNO</option>
                </field> 
                <field name="d_track_stop" type="radio" class="btn-group  " label="JSHOP_FIELD_TRACK_STOP"  default="1">
                    <option value="1">JYES</option>
                    <option value="2">JYESR</option>
                    <option value="0">JNO</option>
                </field>  

 
            </fieldset>
        
            <fieldset name="socialshare"  label="JSOCIAL">   
                
                
                <field name="facebookLikeButton" type="radio" default="1" class="btn-group btn-group-yesno" 
                       label="PLG_JOOMSHOPPING_SOCIAL_SHARE_FB_LIKE_BUTTON" description="PLG_JOOMSHOPPING_SOCIAL_SHARE_FB_LIKE_BUTTON_DESC" >
                   <option value="0">JHIDE</option>
                   <option value="1">JSHOW</option>
                </field>
                <field name="facebookShareButton" type="radio" default="1" class="btn-group btn-group-yesno" 
                        label="PLG_JOOMSHOPPING_SOCIAL_SHARE_FB_SHARE_BUTTON" description="PLG_JOOMSHOPPING_SOCIAL_SHARE_FB_SHARE_BUTTON_DESC" >
                   <option value="0">JHIDE</option>
                   <option value="1">JSHOW</option>
                </field>
		<field name="twitterButton" type="radio" default="1" class="btn-group btn-group-yesno" 
                        label="PLG_JOOMSHOPPING_SOCIAL_SHARE_TWITTER_BUTTON" description="PLG_JOOMSHOPPING_SOCIAL_SHARE_TWITTER_BUTTON_DESC" >
                   <option value="0">JHIDE</option>
                   <option value="1">JSHOW</option>
                </field>
                <field name="plusButton" type="radio" default="1" class="btn-group btn-group-yesno" 
                        label="PLG_JOOMSHOPPING_SOCIAL_SHARE_GOOGLE_PLUSONE_BUTTON" description="PLG_JOOMSHOPPING_SOCIAL_SHARE_GOOGLE_PLUSONE_BUTTON_DESC" >
                   <option value="0">JHIDE</option>
                   <option value="1">JSHOW</option>
                </field>
		<field name="pinterestButton" type="radio" default="1"  class="btn-group btn-group-yesno" 
                       label="PLG_JOOMSHOPPING_SOCIAL_PINTEREST_BUTTON" description="PLG_JOOMSHOPPING_SOCIAL_PINTEREST_BUTTON_DESC" >
                   <option value="0">JHIDE</option>
                   <option value="1">JSHOW</option>
                </field>
                <field name="vkShareButton" type="radio" default="1"  class="btn-group btn-group-yesno" 
                       label="PLG_JOOMSHOPPING_SOCIAL_VK_BUTTON" description="PLG_JOOMSHOPPING_SOCIAL_VK_BUTTON_DESC" >
                   <option value="0">JHIDE</option>
                   <option value="1">JSHOW</option>
                </field>
                <field name="socialposition" type="list" default="2" label="PLG_JOOMSHOPPING_SOCIAL_SHARE_POSITION" description="PLG_JOOMSHOPPING_SOCIAL_SHARE_POSITION_DESC">
                   <option value="1">PLG_JOOMSHOPPING_SOCIAL_SHARE_TOP</option>
                   <option value="2">PLG_JOOMSHOPPING_SOCIAL_SHARE_MIDDLE</option>
                   <option value="3">PLG_JOOMSHOPPING_SOCIAL_SHARE_BOTTOM</option>
                </field>
                <field name="facebookLikeButtonSpacer" type="spacer" class="text" label="PLG_JOOMSHOPPING_SOCIAL_SHARE_FB_LIKE_TITLE" /> 

                <field name="facebookLikeRenderer" type="list" default="1"   class="btn-group btn-group-yesno" 
                       label="PLG_JOOMSHOPPING_SOCIAL_SHARE_FB_LIKE_RENDERER" description="PLG_JOOMSHOPPING_SOCIAL_SHARE_FB_LIKE_RENDERER_DESC" >
                   <option value="0">IFRAME</option>
                   <option value="1">XFBML</option>
                   <option value="2">HTML5</option>
                </field>
                <field name="facebookSendButton" type="radio" default="0" class="btn-group btn-group-yesno" 
                         label="PLG_JOOMSHOPPING_SOCIAL_SHARE_FB_LIKE_SEND_BUTTON" description="PLG_JOOMSHOPPING_SOCIAL_SHARE_FB_LIKE_SEND_BUTTON_DESC" >
                    <option value="0">JHIDE</option>
                    <option value="true">JSHOW</option> 
                </field>
                <field name="facebookLayoutStyle" type="list" default="button_count" label="PLG_JOOMSHOPPING_SOCIAL_SHARE_FB_LIKE_TYPE" description="PLG_JOOMSHOPPING_SOCIAL_SHARE_FB_LIKE_TYPE_DESC" >
                    <option value="standard">PLG_JOOMSHOPPING_SOCIAL_SHARE_FB_LIKE_STANDARD</option>
                   <option value="box_count">PLG_JOOMSHOPPING_SOCIAL_SHARE_FB_LIKE_BOX_COUNT</option>
                   <option value="button_count">PLG_JOOMSHOPPING_SOCIAL_SHARE_FB_LIKE_BUTTON_COUNT</option>
                </field>
                <field name="facebookLikeWidth" type="text" default="100" label="PLG_JOOMSHOPPING_SOCIAL_SHARE_FB_LIKE_WIDTH" description="PLG_JOOMSHOPPING_SOCIAL_SHARE_FB_LIKE_WIDTH_DESC" />
                <field name="facebookShowFaces" type="radio" default="0" class="btn-group btn-group-yesno" 
                         label="PLG_JOOMSHOPPING_SOCIAL_SHARE_FB_LIKE_FACES" description="PLG_JOOMSHOPPING_SOCIAL_SHARE_FB_LIKE_FACES_DESC" >
                   <option value="0">JHIDE</option>
                   <option value="true">JSHOW</option>
                </field>
                <field name="facebookVerbToDisplay" type="list" default="like" label="PLG_JOOMSHOPPING_SOCIAL_SHARE_FB_LIKE_BUTTON_TEXT" description="PLG_JOOMSHOPPING_SOCIAL_SHARE_FB_LIKE_BUTTON_TEXT_DESC" >
                   <option value="like">PLG_JOOMSHOPPING_SOCIAL_SHARE_FB_LIKE_LIKE</option>
                   <option value="recommend">PLG_JOOMSHOPPING_SOCIAL_SHARE_FB_LIKE_RECOMMEND</option>
                </field>
                <field name="facebookColorScheme" type="list" default="light" label="PLG_JOOMSHOPPING_SOCIAL_SHARE_FB_LIKE_COLOR" description="PLG_JOOMSHOPPING_SOCIAL_SHARE_FB_LIKE_COLOR_DESC" >
                   <option value="light">PLG_JOOMSHOPPING_SOCIAL_SHARE_FB_LIKE_LIGHT</option>
                   <option value="dark">PLG_JOOMSHOPPING_SOCIAL_SHARE_FB_LIKE_DARK</option>
                </field>
                <field name="facebookLikeFont" type="list" default="arial" label="PLG_JOOMSHOPPING_SOCIAL_SHARE_FB_LIKE_FONT" description="PLG_JOOMSHOPPING_SOCIAL_SHARE_FB_LIKE_FONT_DESC" >
                    <option value="arial">Arial</option>
                    <option value="lucida grande">Lucida Grande</option>
                    <option value="segoe ui">Segoe UI</option>
                    <option value="tahoma">Tahoma</option>
                    <option value="trebuchet ms">Trebuchet ms</option>
                    <option value="verdana">Verdana</option>
                </field>
                <field name="facebookDynamicLocale" type="radio" default="1" class="btn-group btn-group-yesno" 
                          label="PLG_JOOMSHOPPING_SOCIAL_SHARE_FB_LIKE_AUTO_LANGUAGE" description="PLG_JOOMSHOPPING_SOCIAL_SHARE_FB_LIKE_AUTO_LANGUAGE_DESC">
                    <option value="0">JNO</option>
                    <option value="1">JYES</option>
                </field>
                <field name="facebookLocale" type="list" default="" label="PLG_JOOMSHOPPING_SOCIAL_SHARE_FB_LIKE_LANGUAGE" description="PLG_JOOMSHOPPING_SOCIAL_SHARE_FB_LIKE_LANGUAGE_DESC">
                    <option value="">JOPTION_USE_DEFAULT</option>
                    <option value="af_ZA">Afrikaans</option>
                    <option value="ar_AR">Arabic</option>
                    <option value="ay_BO">Aymara</option>
                    <option value="az_AZ">Azeri</option>
                    <option value="be_BY">Belarusian</option>
                    <option value="bg_BG">Bulgarian</option>
                    <option value="bn_IN">Bengali</option>
                    <option value="bs_BA">Bosnian</option>
                    <option value="ca_ES">Catalan</option>
                    <option value="ck_US">Cherokee</option>
                    <option value="cs_CZ">Czech</option>
                    <option value="cy_GB">Welsh</option>
                    <option value="da_DK">Danish</option>
                    <option value="de_DE">German</option>
                    <option value="el_GR">Greek</option>
                    <option value="en_GB">English (UK)</option>
                    <option value="en_PI">English (Pirate)</option>
                    <option value="en_UD">English (Upside Down)</option>
                    <option value="en_US">English [US]</option>
                    <option value="eo_EO">Esperanto</option>
                    <option value="es_CL">Spanish (Chile)</option>
                    <option value="es_CO">Spanish (Colombia)</option>
                    <option value="es_ES">Spanish (Spain)</option>
                    <option value="es_LA">Spanish</option>
                    <option value="es_MX">Spanish (Mexico)</option>
                    <option value="es_VE">Spanish (Mexico)</option>
                    <option value="et_EE">Estonian</option>
                    <option value="eu_ES">Basque</option>
                    <option value="fa_IR">Persian</option>
                    <option value="fb_LT">Leet Speak</option>
                    <option value="fi_FI">Finnish</option>
                    <option value="fo_FO">Faroese</option>
                    <option value="fr_CA">French (Canada)</option>
                    <option value="fr_FR">French (France)</option>
                    <option value="ga_IE">Irish</option>
                    <option value="gl_ES">Galician</option>
                    <option value="gn_PY">Guarani</option>
                    <option value="gu_IN">Gujarati</option>
                    <option value="he_IL">Hebrew</option>
                    <option value="hi_IN">Hindi</option>
                    <option value="hr_HR">Croatian</option>
                    <option value="hu_HU">Hungarian</option>
                    <option value="hy_AM">Armenian</option>
                    <option value="id_ID">Indonesian</option>
                    <option value="is_IS">Icelandic</option>
                    <option value="it_IT">Italian</option>
                    <option value="ja_JP">Japanese</option>
                    <option value="jv_ID">Javanese</option>
                    <option value="ka_GE">Georgian</option>
                    <option value="kk_KZ">Kazakh</option>
                    <option value="km_KH">Khmer</option>
                    <option value="kn_IN">Kannada</option>
                    <option value="ko_KR">Korean</option>
                    <option value="ku_TR">Kurdish</option>
                    <option value="la_VA">Latin</option>
                    <option value="li_NL">Limburgish</option>
                    <option value="lt_LT">Lithuanian</option>
                    <option value="lv_LV">Latvian</option>
                    <option value="mg_MG">Malagasy</option>
                    <option value="mk_MK">Macedonian</option>
                    <option value="ml_IN">Malayalam</option>
                    <option value="mn_MN">Mongolian</option>
                    <option value="mr_IN">Marathi</option>
                    <option value="ms_MY">Malay</option>
                    <option value="mt_MT">Maltese</option>
                    <option value="nb_NO">Norwegian (bokmal)</option>
                    <option value="ne_NP">Nepali</option>
                    <option value="nl_BE">Dutch (Belgie)</option>
                    <option value="nl_NL">Dutch</option>
                    <option value="nn_NO">Norwegian (nynorsk)</option>
                    <option value="pa_IN">Punjabi</option>
                    <option value="pl_PL">Polish</option>
                    <option value="ps_AF">Pashto</option>
                    <option value="pt_BR">Portuguese (Brazil)</option>
                    <option value="pt_PT">Portuguese (Portugal)</option>
                    <option value="qu_PE">Quechua</option>
                    <option value="rm_CH">Romansh</option>
                    <option value="ro_RO">Romanian</option>
                    <option value="ru_RU">Russian</option>
                    <option value="sa_IN">Sanskrit</option>
                    <option value="se_NO">Northern Sami</option>
                    <option value="sk_SK">Slovak</option>
                    <option value="sl_SI">Slovenian</option>
                    <option value="so_SO">Somali</option>
                    <option value="sq_AL">Albanian</option>
                    <option value="sr_RS">Serbian</option>
                    <option value="sv_SE">Swedish</option>
                    <option value="sw_KE">Swahili</option>
                    <option value="sy_SY">Syriac</option>
                    <option value="ta_IN">Tamil</option>
                    <option value="te_IN">Telugu</option>
                    <option value="tg_TJ">Tajik</option>
                    <option value="th_TH">Thai</option>
                    <option value="tl_PH">Filipino</option>
                    <option value="tl_ST">Klingon</option>
                    <option value="tr_TR">Turkish</option>
                    <option value="tt_RU">Tatar</option>
                    <option value="uk_UA">Ukrainian</option>
                    <option value="ur_PK">Urdu</option>
                    <option value="uz_UZ">Uzbek</option>
                    <option value="vi_VN">Vietnamese</option>
                    <option value="xh_ZA">Xhosa</option>
                    <option value="yi_DE">Yiddish</option>
                    <option value="zh_CN">Simplified Chinese (China)</option>
                    <option value="zh_HK">Traditional Chinese (Hong Kong)</option>
                    <option value="zh_TW">Traditional Chinese (Taiwan)</option>
                    <option value="zu_ZA">Zulu</option>
                </field>
                <field name="facebookShareSpacer" type="spacer" class="text" label="PLG_JOOMSHOPPING_SOCIAL_SHARE_FB_SHARE_TITLE" /> 
                <field name="facebookLocaleShare" type="list" default="" label="PLG_JOOMSHOPPING_SOCIAL_SHARE_FB_LIKE_LANGUAGE" description="PLG_JOOMSHOPPING_SOCIAL_SHARE_FB_LIKE_LANGUAGE_DESC">
                    <option value="">JOPTION_USE_DEFAULT</option>
                    <option value="af_ZA">Afrikaans</option>
                    <option value="ar_AR">Arabic</option>
                    <option value="ay_BO">Aymara</option>
                    <option value="az_AZ">Azeri</option>
                    <option value="be_BY">Belarusian</option>
                    <option value="bg_BG">Bulgarian</option>
                    <option value="bn_IN">Bengali</option>
                    <option value="bs_BA">Bosnian</option>
                    <option value="ca_ES">Catalan</option>
                    <option value="ck_US">Cherokee</option>
                    <option value="cs_CZ">Czech</option>
                    <option value="cy_GB">Welsh</option>
                    <option value="da_DK">Danish</option>
                    <option value="de_DE">German</option>
                    <option value="el_GR">Greek</option>
                    <option value="en_GB">English (UK)</option>
                    <option value="en_PI">English (Pirate)</option>
                    <option value="en_UD">English (Upside Down)</option>
                    <option value="en_US">English [US]</option>
                    <option value="eo_EO">Esperanto</option>
                    <option value="es_CL">Spanish (Chile)</option>
                    <option value="es_CO">Spanish (Colombia)</option>
                    <option value="es_ES">Spanish (Spain)</option>
                    <option value="es_LA">Spanish</option>
                    <option value="es_MX">Spanish (Mexico)</option>
                    <option value="es_VE">Spanish (Mexico)</option>
                    <option value="et_EE">Estonian</option>
                    <option value="eu_ES">Basque</option>
                    <option value="fa_IR">Persian</option>
                    <option value="fb_LT">Leet Speak</option>
                    <option value="fi_FI">Finnish</option>
                    <option value="fo_FO">Faroese</option>
                    <option value="fr_CA">French (Canada)</option>
                    <option value="fr_FR">French (France)</option>
                    <option value="ga_IE">Irish</option>
                    <option value="gl_ES">Galician</option>
                    <option value="gn_PY">Guarani</option>
                    <option value="gu_IN">Gujarati</option>
                    <option value="he_IL">Hebrew</option>
                    <option value="hi_IN">Hindi</option>
                    <option value="hr_HR">Croatian</option>
                    <option value="hu_HU">Hungarian</option>
                    <option value="hy_AM">Armenian</option>
                    <option value="id_ID">Indonesian</option>
                    <option value="is_IS">Icelandic</option>
                    <option value="it_IT">Italian</option>
                    <option value="ja_JP">Japanese</option>
                    <option value="jv_ID">Javanese</option>
                    <option value="ka_GE">Georgian</option>
                    <option value="kk_KZ">Kazakh</option>
                    <option value="km_KH">Khmer</option>
                    <option value="kn_IN">Kannada</option>
                    <option value="ko_KR">Korean</option>
                    <option value="ku_TR">Kurdish</option>
                    <option value="la_VA">Latin</option>
                    <option value="li_NL">Limburgish</option>
                    <option value="lt_LT">Lithuanian</option>
                    <option value="lv_LV">Latvian</option>
                    <option value="mg_MG">Malagasy</option>
                    <option value="mk_MK">Macedonian</option>
                    <option value="ml_IN">Malayalam</option>
                    <option value="mn_MN">Mongolian</option>
                    <option value="mr_IN">Marathi</option>
                    <option value="ms_MY">Malay</option>
                    <option value="mt_MT">Maltese</option>
                    <option value="nb_NO">Norwegian (bokmal)</option>
                    <option value="ne_NP">Nepali</option>
                    <option value="nl_BE">Dutch (Belgie)</option>
                    <option value="nl_NL">Dutch</option>
                    <option value="nn_NO">Norwegian (nynorsk)</option>
                    <option value="pa_IN">Punjabi</option>
                    <option value="pl_PL">Polish</option>
                    <option value="ps_AF">Pashto</option>
                    <option value="pt_BR">Portuguese (Brazil)</option>
                    <option value="pt_PT">Portuguese (Portugal)</option>
                    <option value="qu_PE">Quechua</option>
                    <option value="rm_CH">Romansh</option>
                    <option value="ro_RO">Romanian</option>
                    <option value="ru_RU">Russian</option>
                    <option value="sa_IN">Sanskrit</option>
                    <option value="se_NO">Northern Sami</option>
                    <option value="sk_SK">Slovak</option>
                    <option value="sl_SI">Slovenian</option>
                    <option value="so_SO">Somali</option>
                    <option value="sq_AL">Albanian</option>
                    <option value="sr_RS">Serbian</option>
                    <option value="sv_SE">Swedish</option>
                    <option value="sw_KE">Swahili</option>
                    <option value="sy_SY">Syriac</option>
                    <option value="ta_IN">Tamil</option>
                    <option value="te_IN">Telugu</option>
                    <option value="tg_TJ">Tajik</option>
                    <option value="th_TH">Thai</option>
                    <option value="tl_PH">Filipino</option>
                    <option value="tl_ST">Klingon</option>
                    <option value="tr_TR">Turkish</option>
                    <option value="tt_RU">Tatar</option>
                    <option value="uk_UA">Ukrainian</option>
                    <option value="ur_PK">Urdu</option>
                    <option value="uz_UZ">Uzbek</option>
                    <option value="vi_VN">Vietnamese</option>
                    <option value="xh_ZA">Xhosa</option>
                    <option value="yi_DE">Yiddish</option>
                    <option value="zh_CN">Simplified Chinese (China)</option>
                    <option value="zh_HK">Traditional Chinese (Hong Kong)</option>
                    <option value="zh_TW">Traditional Chinese (Taiwan)</option>
                    <option value="zu_ZA">Zulu</option>
                </field>
				
                <field name="twitterButtonSpacer" type="spacer" class="text" label="PLG_JOOMSHOPPING_SOCIAL_SHARE_TWITTER_TITLE" />
                <field name="twitterName" type="text" label="PLG_JOOMSHOPPING_SOCIAL_SHARE_TWITTER_NAME" description="PLG_JOOMSHOPPING_SOCIAL_SHARE_TWITTER_NAME_DESC" default=""></field>
                <field name="twitterLanguage" default="" type="list" label="PLG_JOOMSHOPPING_SOCIAL_SHARE_FB_LIKE_LANGUAGE" description="PLG_JOOMSHOPPING_SOCIAL_SHARE_FB_LIKE_LANGUAGE">
                    <option value="">JOPTION_USE_DEFAULT</option>
                    <option value="en">English</option>
                    <option value="de">Deutsch</option>
                    <option value="ru">Russian</option>
                </field>
                <field name="plusOneSpacer" type="spacer" class="text" label="PLG_JOOMSHOPPING_SOCIAL_SHARE_GOOGLE_PLUSONE_TITLE" />
                <field name="html5syntax" type="radio" default="1"  class="btn-group btn-group-yesno" 
                       label="PLG_JOOMSHOPPING_SOCIAL_SHARE_GOOGLE_HTML5_SYNTAX" description="PLG_JOOMSHOPPING_SOCIAL_SHARE_GOOGLE_HTML5_SYNTAX_DESC" >
                   <option value="1">JYES</option>
                   <option value="0">JNO</option>
                </field>
                <field name="plusType" type="list" default="medium" label="PLG_JOOMSHOPPING_SOCIAL_SHARE_GOOGLE_PLUSONE_STYLE" description="PLG_JOOMSHOPPING_SOCIAL_SHARE_GOOGLE_PLUSONE_STYLE_DESC" >
                   <option value="small">PLG_JOOMSHOPPING_SOCIAL_SHARE_GOOGLE_PLUSONE_SMALL</option>
                   <option value="medium">PLG_JOOMSHOPPING_SOCIAL_SHARE_GOOGLE_PLUSONE_MEDIUM</option>
                   <option value="standart">PLG_JOOMSHOPPING_SOCIAL_SHARE_GOOGLE_PLUSONE_STANDARD</option>
                   <option value="tall">PLG_JOOMSHOPPING_SOCIAL_SHARE_GOOGLE_PLUSONE_TALL</option>
                </field>
                <field name="plusAnnotation" type="list" default="medium" label="PLG_JOOMSHOPPING_SOCIAL_SHARE_GOOGLE_PLUSONE_ANNOTATION" description="PLG_JOOMSHOPPING_SOCIAL_SHARE_GOOGLE_PLUSONE_ANNOTATION_DESC" >
                   <option value="inline">PLG_JOOMSHOPPING_SOCIAL_SHARE_GOOGLE_PLUSONE_INLINE</option>
                   <option value="bubble">PLG_JOOMSHOPPING_SOCIAL_SHARE_GOOGLE_PLUSONE_BUBBLE</option>
                   <option value="none">PLG_JOOMSHOPPING_SOCIAL_SHARE_GOOGLE_PLUSONE_NONE</option>
                </field>
                <field name="plusLocale" type="list" default="" label="PLG_JOOMSHOPPING_SOCIAL_SHARE_GOOGLE_PLUSONE_LANGUAGE" description="PLG_JOOMSHOPPING_SOCIAL_SHARE_GOOGLE_PLUSONE_LANGUAGE_DESC" >
                    <option value="">JOPTION_USE_DEFAULT</option>
                    <option value="ar">Arabic</option>
                    <option value="bn">Bengali</option>
                    <option value="bg">Bulgarian</option>
                    <option value="ca">Catalan</option>
                    <option value="zh">Chinese</option>
                    <option value="zh_CN">Chinese (China)</option>
                    <option value="zh_HK">Chinese (Hong Kong)</option>
                    <option value="zh_TW">Chinese (Taiwan)</option>
                    <option value="hr">Croatian</option>
                    <option value="cs">Czech</option>
                    <option value="da">Danish</option>
                    <option value="nl">Dutch</option>
                    <option value="en">English</option>
                    <option value="en_IN">English (India)</option>
                    <option value="en_IE">English (Ireland)</option>
                    <option value="en_SG">English (Singapore)</option>
                    <option value="en_ZA">English (South Africa)</option>
                    <option value="en_GB">English (United Kingdom)</option>
                    <option value="fil">Filipino</option>
                    <option value="fi">Finnish</option>
                    <option value="fr">French</option>
                    <option value="de">German</option>
                    <option value="de_CH">German (Switzerland)</option>
                    <option value="el">Greek</option>
                    <option value="gu">Gujarati</option>
                    <option value="iw">Hebrew</option>
                    <option value="hi">Hindi</option>
                    <option value="hu">Hungarian</option>
                    <option value="in">Indonesian</option>
                    <option value="it">Italian</option>
                    <option value="ja">Japanese</option>
                    <option value="kn">Kannada</option>
                    <option value="ko">Korean</option>
                    <option value="lv">Latvian</option>
                    <option value="ln">Lingala</option>
                    <option value="lt">Lithuanian</option>
                    <option value="ms">Malay</option>
                    <option value="ml">Malayalam</option>
                    <option value="mr">Marathi</option>
                    <option value="no">Norwegian</option>
                    <option value="or">Oriya</option>
                    <option value="fa">Persian</option>
                    <option value="pl">Polish</option>
                    <option value="pt_BR">Portuguese (Brazil)</option>
                    <option value="pt_PT">Portuguese (Portugal)</option>
                    <option value="ro">Romanian</option>
                    <option value="ru">Russian</option>
                    <option value="sr">Serbian</option>
                    <option value="sk">Slovak</option>
                    <option value="sl">Slovenian</option>
                    <option value="es">Spanish</option>
                    <option value="sv">Swedish</option>
                    <option value="gsw">Swiss German</option>
                    <option value="ta">Tamil</option>
                    <option value="te">Telugu</option>
                    <option value="th">Thai</option>
                    <option value="tr">Turkish</option>
                    <option value="uk">Ukrainian</option>
                    <option value="vi">Vietnamese</option>
                </field>
                
                <field name="vkButtonSpacer" type="spacer" class="text" label="PLG_JOOMSHOPPING_SOCIAL_SHARE_VK_TITLE"  />
                <field name="vkShareStyle" type="list" default="round" label="PLG_JOOMSHOPPING_SOCIAL_VK_SHARE_STYLE" description="PLG_JOOMSHOPPING_SOCIAL_VK_SHARE_STYLE_DESC" >
                    <option value="round">Button</option>
                    <option value="round_nocount">Button without a Counter</option>
                    <option value="link">Link</option>
                    <option value="link_noicon">Link without an Icon</option>
                    <option value="custom">Icon</option>
                </field>
                <field name="vkShareText" type="text" filter="raw"
                       label="PLG_JOOMSHOPPING_SOCIAL_VK_SHARE_TEXT" description="PLG_JOOMSHOPPING_SOCIAL_VK_SHARE_STYLE_DESC" default="Share">
                </field>
                <field name="vkShareLogoVersion" type="list" default="" label="PLG_JOOMSHOPPING_SOCIAL_VK_SHARE_LOGO_VERSION" description="PLG_JOOMSHOPPING_SOCIAL_VK_SHARE_LOGO_VERSION_DESC" >
                    <option value="">JOPTION_USE_DEFAULT</option>
                    <option value="russian">Russian</option>
                    <option value="eng">English</option>
                </field>
        </fieldset>
        </fields>
    </config>
        
</extension>

 