<?xml version="1.0" encoding="utf-8"?>
<metadata>
	<layout title="PRODUCT"></layout>
    <fields name="request">
		<fieldset name="request">
			<field name="task" type="hidden" default="view"/>
			<field type="jshoppingcategories" name="category_id" label="Category_ID" addfieldprefix="Joomla\Component\Jshopping\Administrator\Field" default="" required="true" />            
			<field name="product_id" type="text" default="" label="Product_ID" required="true" />
		</fieldset>
	</fields>
</metadata>